{"cameraMode":{"drawMode":0,"name":"Shaded","section":"Shading Mode"},"sceneLighting":false,"audioPlay":false,"sceneViewState":{"showFog":true,"showMaterialUpdate":false,"showSkybox":true,"showFlares":true,"showImageEffects":true,"showParticleSystems":true},"in2DMode":false,"pivot":{"x":0.4518965482711792,"y":-0.48394012451171877,"z":0.12863367795944215},"rotation":{"x":-0.6087328791618347,"y":0.27645981311798098,"z":-0.23897887766361237,"w":-0.7042041420936585},"size":4.998141765594482,"orthographic":false}